"User_Type","Rides","Avg_Duration"
"Customer",879290,39.4255833304901
"Subscriber",2936866,12.927206768485
