"user_type","rides","avg_duration_min","median_duration_min"
Customer,879290,39.4255833304901303,25.783333333333335
Subscriber,2936866,12.9272067684849541,9.8
